benchmark,name,majority_support,source,aig,entropy
bencgen,3-bit ripple-carry adder,False,source/bencgen/c11_3.v,aig/bencgen/c11_3.json,entropy/bencgen/c11_3.json
bencgen,4-bit ripple-carry adder,False,source/bencgen/c11_4.v,aig/bencgen/c11_4.json,entropy/bencgen/c11_4.json
bencgen,5-bit ripple-carry adder,False,source/bencgen/c11_5.v,aig/bencgen/c11_5.json,entropy/bencgen/c11_5.json
bencgen,6-bit ripple-carry adder,False,source/bencgen/c11_6.v,aig/bencgen/c11_6.json,entropy/bencgen/c11_6.json
bencgen,7-bit ripple-carry adder,False,source/bencgen/c11_7.v,aig/bencgen/c11_7.json,entropy/bencgen/c11_7.json
bencgen,8-bit ripple-carry adder,False,source/bencgen/c11_8.v,aig/bencgen/c11_8.json,entropy/bencgen/c11_8.json
bencgen,9-bit ripple-carry adder,False,source/bencgen/c11_9.v,aig/bencgen/c11_9.json,entropy/bencgen/c11_9.json
bencgen,10-bit ripple-carry adder,False,source/bencgen/c11_10.v,aig/bencgen/c11_10.json,entropy/bencgen/c11_10.json
bencgen,11-bit ripple-carry adder,False,source/bencgen/c11_11.v,aig/bencgen/c11_11.json,entropy/bencgen/c11_11.json
bencgen,12-bit ripple-carry adder,False,source/bencgen/c11_12.v,aig/bencgen/c11_12.json,entropy/bencgen/c11_12.json
bencgen,13-bit ripple-carry adder,False,source/bencgen/c11_13.v,aig/bencgen/c11_13.json,entropy/bencgen/c11_13.json
bencgen,14-bit ripple-carry adder,False,source/bencgen/c11_14.v,aig/bencgen/c11_14.json,entropy/bencgen/c11_14.json
bencgen,15-bit ripple-carry adder,False,source/bencgen/c11_15.v,aig/bencgen/c11_15.json,entropy/bencgen/c11_15.json
bencgen,16-bit ripple-carry adder,False,source/bencgen/c11_16.v,aig/bencgen/c11_16.json,entropy/bencgen/c11_16.json
bencgen,3-bit carry-lookahead adder,False,source/bencgen/c13_3.v,aig/bencgen/c13_3.json,entropy/bencgen/c13_3.json
bencgen,4-bit carry-lookahead adder,False,source/bencgen/c13_4.v,aig/bencgen/c13_4.json,entropy/bencgen/c13_4.json
bencgen,5-bit carry-lookahead adder,False,source/bencgen/c13_5.v,aig/bencgen/c13_5.json,entropy/bencgen/c13_5.json
bencgen,6-bit carry-lookahead adder,False,source/bencgen/c13_6.v,aig/bencgen/c13_6.json,entropy/bencgen/c13_6.json
bencgen,7-bit carry-lookahead adder,False,source/bencgen/c13_7.v,aig/bencgen/c13_7.json,entropy/bencgen/c13_7.json
bencgen,8-bit carry-lookahead adder,False,source/bencgen/c13_8.v,aig/bencgen/c13_8.json,entropy/bencgen/c13_8.json
bencgen,9-bit carry-lookahead adder,False,source/bencgen/c13_9.v,aig/bencgen/c13_9.json,entropy/bencgen/c13_9.json
bencgen,10-bit carry-lookahead adder,False,source/bencgen/c13_10.v,aig/bencgen/c13_10.json,entropy/bencgen/c13_10.json
bencgen,11-bit carry-lookahead adder,False,source/bencgen/c13_11.v,aig/bencgen/c13_11.json,entropy/bencgen/c13_11.json
bencgen,12-bit carry-lookahead adder,False,source/bencgen/c13_12.v,aig/bencgen/c13_12.json,entropy/bencgen/c13_12.json
bencgen,13-bit carry-lookahead adder,False,source/bencgen/c13_13.v,aig/bencgen/c13_13.json,entropy/bencgen/c13_13.json
bencgen,14-bit carry-lookahead adder,False,source/bencgen/c13_14.v,aig/bencgen/c13_14.json,entropy/bencgen/c13_14.json
bencgen,15-bit carry-lookahead adder,False,source/bencgen/c13_15.v,aig/bencgen/c13_15.json,entropy/bencgen/c13_15.json
bencgen,16-bit carry-lookahead adder,False,source/bencgen/c13_16.v,aig/bencgen/c13_16.json,entropy/bencgen/c13_16.json
bencgen,3-bit carry-lookahead block adder,False,source/bencgen/c17_3.v,aig/bencgen/c17_3.json,entropy/bencgen/c17_3.json
bencgen,4-bit carry-lookahead block adder,False,source/bencgen/c17_4.v,aig/bencgen/c17_4.json,entropy/bencgen/c17_4.json
bencgen,5-bit carry-lookahead block adder,False,source/bencgen/c17_5.v,aig/bencgen/c17_5.json,entropy/bencgen/c17_5.json
bencgen,6-bit carry-lookahead block adder,False,source/bencgen/c17_6.v,aig/bencgen/c17_6.json,entropy/bencgen/c17_6.json
bencgen,7-bit carry-lookahead block adder,False,source/bencgen/c17_7.v,aig/bencgen/c17_7.json,entropy/bencgen/c17_7.json
bencgen,8-bit carry-lookahead block adder,False,source/bencgen/c17_8.v,aig/bencgen/c17_8.json,entropy/bencgen/c17_8.json
bencgen,9-bit carry-lookahead block adder,False,source/bencgen/c17_9.v,aig/bencgen/c17_9.json,entropy/bencgen/c17_9.json
bencgen,10-bit carry-lookahead block adder,False,source/bencgen/c17_10.v,aig/bencgen/c17_10.json,entropy/bencgen/c17_10.json
bencgen,11-bit carry-lookahead block adder,False,source/bencgen/c17_11.v,aig/bencgen/c17_11.json,entropy/bencgen/c17_11.json
bencgen,12-bit carry-lookahead block adder,False,source/bencgen/c17_12.v,aig/bencgen/c17_12.json,entropy/bencgen/c17_12.json
bencgen,13-bit carry-lookahead block adder,False,source/bencgen/c17_13.v,aig/bencgen/c17_13.json,entropy/bencgen/c17_13.json
bencgen,14-bit carry-lookahead block adder,False,source/bencgen/c17_14.v,aig/bencgen/c17_14.json,entropy/bencgen/c17_14.json
bencgen,15-bit carry-lookahead block adder,False,source/bencgen/c17_15.v,aig/bencgen/c17_15.json,entropy/bencgen/c17_15.json
bencgen,16-bit carry-lookahead block adder,False,source/bencgen/c17_16.v,aig/bencgen/c17_16.json,entropy/bencgen/c17_16.json
bencgen2,3-bit ripple-carry adder,False,source/bencgen/balanced/c11_3.v,aig/bencgen/balanced/c11_3.json,entropy/bencgen/balanced/c11_3.json
bencgen2,4-bit ripple-carry adder,False,source/bencgen/balanced/c11_4.v,aig/bencgen/balanced/c11_4.json,entropy/bencgen/balanced/c11_4.json
bencgen2,5-bit ripple-carry adder,False,source/bencgen/balanced/c11_5.v,aig/bencgen/balanced/c11_5.json,entropy/bencgen/balanced/c11_5.json
bencgen2,6-bit ripple-carry adder,False,source/bencgen/balanced/c11_6.v,aig/bencgen/balanced/c11_6.json,entropy/bencgen/balanced/c11_6.json
bencgen2,7-bit ripple-carry adder,False,source/bencgen/balanced/c11_7.v,aig/bencgen/balanced/c11_7.json,entropy/bencgen/balanced/c11_7.json
bencgen2,8-bit ripple-carry adder,False,source/bencgen/balanced/c11_8.v,aig/bencgen/balanced/c11_8.json,entropy/bencgen/balanced/c11_8.json
bencgen2,9-bit ripple-carry adder,False,source/bencgen/balanced/c11_9.v,aig/bencgen/balanced/c11_9.json,entropy/bencgen/balanced/c11_9.json
bencgen2,10-bit ripple-carry adder,False,source/bencgen/balanced/c11_10.v,aig/bencgen/balanced/c11_10.json,entropy/bencgen/balanced/c11_10.json
bencgen2,11-bit ripple-carry adder,False,source/bencgen/balanced/c11_11.v,aig/bencgen/balanced/c11_11.json,entropy/bencgen/balanced/c11_11.json
bencgen2,12-bit ripple-carry adder,False,source/bencgen/balanced/c11_12.v,aig/bencgen/balanced/c11_12.json,entropy/bencgen/balanced/c11_12.json
bencgen2,13-bit ripple-carry adder,False,source/bencgen/balanced/c11_13.v,aig/bencgen/balanced/c11_13.json,entropy/bencgen/balanced/c11_13.json
bencgen2,14-bit ripple-carry adder,False,source/bencgen/balanced/c11_14.v,aig/bencgen/balanced/c11_14.json,entropy/bencgen/balanced/c11_14.json
bencgen2,15-bit ripple-carry adder,False,source/bencgen/balanced/c11_15.v,aig/bencgen/balanced/c11_15.json,entropy/bencgen/balanced/c11_15.json
bencgen2,16-bit ripple-carry adder,False,source/bencgen/balanced/c11_16.v,aig/bencgen/balanced/c11_16.json,entropy/bencgen/balanced/c11_16.json
bencgen2,3-bit carry-lookahead adder,False,source/bencgen/balanced/c13_3.v,aig/bencgen/balanced/c13_3.json,entropy/bencgen/balanced/c13_3.json
bencgen2,4-bit carry-lookahead adder,False,source/bencgen/balanced/c13_4.v,aig/bencgen/balanced/c13_4.json,entropy/bencgen/balanced/c13_4.json
bencgen2,5-bit carry-lookahead adder,False,source/bencgen/balanced/c13_5.v,aig/bencgen/balanced/c13_5.json,entropy/bencgen/balanced/c13_5.json
bencgen2,6-bit carry-lookahead adder,False,source/bencgen/balanced/c13_6.v,aig/bencgen/balanced/c13_6.json,entropy/bencgen/balanced/c13_6.json
bencgen2,7-bit carry-lookahead adder,False,source/bencgen/balanced/c13_7.v,aig/bencgen/balanced/c13_7.json,entropy/bencgen/balanced/c13_7.json
bencgen2,8-bit carry-lookahead adder,False,source/bencgen/balanced/c13_8.v,aig/bencgen/balanced/c13_8.json,entropy/bencgen/balanced/c13_8.json
bencgen2,9-bit carry-lookahead adder,False,source/bencgen/balanced/c13_9.v,aig/bencgen/balanced/c13_9.json,entropy/bencgen/balanced/c13_9.json
bencgen2,10-bit carry-lookahead adder,False,source/bencgen/balanced/c13_10.v,aig/bencgen/balanced/c13_10.json,entropy/bencgen/balanced/c13_10.json
bencgen2,11-bit carry-lookahead adder,False,source/bencgen/balanced/c13_11.v,aig/bencgen/balanced/c13_11.json,entropy/bencgen/balanced/c13_11.json
bencgen2,12-bit carry-lookahead adder,False,source/bencgen/balanced/c13_12.v,aig/bencgen/balanced/c13_12.json,entropy/bencgen/balanced/c13_12.json
bencgen2,13-bit carry-lookahead adder,False,source/bencgen/balanced/c13_13.v,aig/bencgen/balanced/c13_13.json,entropy/bencgen/balanced/c13_13.json
bencgen2,14-bit carry-lookahead adder,False,source/bencgen/balanced/c13_14.v,aig/bencgen/balanced/c13_14.json,entropy/bencgen/balanced/c13_14.json
bencgen2,15-bit carry-lookahead adder,False,source/bencgen/balanced/c13_15.v,aig/bencgen/balanced/c13_15.json,entropy/bencgen/balanced/c13_15.json
bencgen2,16-bit carry-lookahead adder,False,source/bencgen/balanced/c13_16.v,aig/bencgen/balanced/c13_16.json,entropy/bencgen/balanced/c13_16.json
bencgen2,3-bit carry-lookahead block adder,False,source/bencgen/balanced/c17_3.v,aig/bencgen/balanced/c17_3.json,entropy/bencgen/balanced/c17_3.json
bencgen2,4-bit carry-lookahead block adder,False,source/bencgen/balanced/c17_4.v,aig/bencgen/balanced/c17_4.json,entropy/bencgen/balanced/c17_4.json
bencgen2,5-bit carry-lookahead block adder,False,source/bencgen/balanced/c17_5.v,aig/bencgen/balanced/c17_5.json,entropy/bencgen/balanced/c17_5.json
bencgen2,6-bit carry-lookahead block adder,False,source/bencgen/balanced/c17_6.v,aig/bencgen/balanced/c17_6.json,entropy/bencgen/balanced/c17_6.json
bencgen2,7-bit carry-lookahead block adder,False,source/bencgen/balanced/c17_7.v,aig/bencgen/balanced/c17_7.json,entropy/bencgen/balanced/c17_7.json
bencgen2,8-bit carry-lookahead block adder,False,source/bencgen/balanced/c17_8.v,aig/bencgen/balanced/c17_8.json,entropy/bencgen/balanced/c17_8.json
bencgen2,9-bit carry-lookahead block adder,False,source/bencgen/balanced/c17_9.v,aig/bencgen/balanced/c17_9.json,entropy/bencgen/balanced/c17_9.json
bencgen2,10-bit carry-lookahead block adder,False,source/bencgen/balanced/c17_10.v,aig/bencgen/balanced/c17_10.json,entropy/bencgen/balanced/c17_10.json
bencgen2,11-bit carry-lookahead block adder,False,source/bencgen/balanced/c17_11.v,aig/bencgen/balanced/c17_11.json,entropy/bencgen/balanced/c17_11.json
bencgen2,12-bit carry-lookahead block adder,False,source/bencgen/balanced/c17_12.v,aig/bencgen/balanced/c17_12.json,entropy/bencgen/balanced/c17_12.json
bencgen2,13-bit carry-lookahead block adder,False,source/bencgen/balanced/c17_13.v,aig/bencgen/balanced/c17_13.json,entropy/bencgen/balanced/c17_13.json
bencgen2,14-bit carry-lookahead block adder,False,source/bencgen/balanced/c17_14.v,aig/bencgen/balanced/c17_14.json,entropy/bencgen/balanced/c17_14.json
bencgen2,15-bit carry-lookahead block adder,False,source/bencgen/balanced/c17_15.v,aig/bencgen/balanced/c17_15.json,entropy/bencgen/balanced/c17_15.json
bencgen2,16-bit carry-lookahead block adder,False,source/bencgen/balanced/c17_16.v,aig/bencgen/balanced/c17_16.json,entropy/bencgen/balanced/c17_16.json
bencgen3,3-bit majority ripple-carry adder,True,source/bencgen/majority/maj_3.v,aig/bencgen/majority/maj_3.json,entropy/bencgen/majority/maj_3.json
bencgen3,4-bit majority ripple-carry adder,True,source/bencgen/majority/maj_4.v,aig/bencgen/majority/maj_4.json,entropy/bencgen/majority/maj_4.json
bencgen3,5-bit majority ripple-carry adder,True,source/bencgen/majority/maj_5.v,aig/bencgen/majority/maj_5.json,entropy/bencgen/majority/maj_5.json
bencgen3,6-bit majority ripple-carry adder,True,source/bencgen/majority/maj_6.v,aig/bencgen/majority/maj_6.json,entropy/bencgen/majority/maj_6.json
bencgen3,7-bit majority ripple-carry adder,True,source/bencgen/majority/maj_7.v,aig/bencgen/majority/maj_7.json,entropy/bencgen/majority/maj_7.json
bencgen3,8-bit majority ripple-carry adder,True,source/bencgen/majority/maj_8.v,aig/bencgen/majority/maj_8.json,entropy/bencgen/majority/maj_8.json
bencgen3,9-bit majority ripple-carry adder,True,source/bencgen/majority/maj_9.v,aig/bencgen/majority/maj_9.json,entropy/bencgen/majority/maj_9.json
bencgen3,10-bit majority ripple-carry adder,True,source/bencgen/majority/maj_10.v,aig/bencgen/majority/maj_10.json,entropy/bencgen/majority/maj_10.json
bencgen3,11-bit majority ripple-carry adder,True,source/bencgen/majority/maj_11.v,aig/bencgen/majority/maj_11.json,entropy/bencgen/majority/maj_11.json
bencgen3,12-bit majority ripple-carry adder,True,source/bencgen/majority/maj_12.v,aig/bencgen/majority/maj_12.json,entropy/bencgen/majority/maj_12.json
bencgen3,13-bit majority ripple-carry adder,True,source/bencgen/majority/maj_13.v,aig/bencgen/majority/maj_13.json,entropy/bencgen/majority/maj_13.json
bencgen3,14-bit majority ripple-carry adder,True,source/bencgen/majority/maj_14.v,aig/bencgen/majority/maj_14.json,entropy/bencgen/majority/maj_14.json
bencgen3,15-bit majority ripple-carry adder,True,source/bencgen/majority/maj_15.v,aig/bencgen/majority/maj_15.json,entropy/bencgen/majority/maj_15.json
bencgen3,16-bit majority ripple-carry adder,True,source/bencgen/majority/maj_16.v,aig/bencgen/majority/maj_16.json,entropy/bencgen/majority/maj_16.json
epfl,adder,False,source/epfl/adder.v,aig/epfl/adder.json,entropy/epfl/adder.json
epfl,arbiter,False,source/epfl/arbiter.v,aig/epfl/arbiter.json,entropy/epfl/arbiter.json
epfl,bar,False,source/epfl/bar.v,aig/epfl/bar.json,entropy/epfl/bar.json
epfl,cavlc,False,source/epfl/cavlc.v,aig/epfl/cavlc.json,entropy/epfl/cavlc.json
epfl,ctrl,False,source/epfl/ctrl.v,aig/epfl/ctrl.json,entropy/epfl/ctrl.json
epfl,dec,False,source/epfl/dec.v,aig/epfl/dec.json,entropy/epfl/dec.json
epfl,div,False,source/epfl/div.v,aig/epfl/div.json,entropy/epfl/div.json
epfl,hyp,False,source/epfl/hyp.v,aig/epfl/hyp.json,entropy/epfl/hyp.json
epfl,i2c,False,source/epfl/i2c.v,aig/epfl/i2c.json,entropy/epfl/i2c.json
epfl,int2float,False,source/epfl/int2float.v,aig/epfl/int2float.json,entropy/epfl/int2float.json
epfl,log2,False,source/epfl/log2.v,aig/epfl/log2.json,entropy/epfl/log2.json
epfl,max,False,source/epfl/max.v,aig/epfl/max.json,entropy/epfl/max.json
epfl,mem_ctrl,False,source/epfl/mem_ctrl.v,aig/epfl/mem_ctrl.json,entropy/epfl/mem_ctrl.json
epfl,multiplier,False,source/epfl/multiplier.v,aig/epfl/multiplier.json,entropy/epfl/multiplier.json
epfl,priority,False,source/epfl/priority.v,aig/epfl/priority.json,entropy/epfl/priority.json
epfl,router,False,source/epfl/router.v,aig/epfl/router.json,entropy/epfl/router.json
epfl,sin,False,source/epfl/sin.v,aig/epfl/sin.json,entropy/epfl/sin.json
epfl,sqrt,False,source/epfl/sqrt.v,aig/epfl/sqrt.json,entropy/epfl/sqrt.json
epfl,square,False,source/epfl/square.v,aig/epfl/square.json,entropy/epfl/square.json
epfl,voter,False,source/epfl/voter.v,aig/epfl/voter.json,entropy/epfl/voter.json
epfl2,adder,True,source/epfl/testa/adder.v,aig/epfl/testa/adder.json,entropy/epfl/testa/adder.json
epfl2,arbiter,True,source/epfl/testa/arbiter.v,aig/epfl/testa/arbiter.json,entropy/epfl/testa/arbiter.json
epfl2,bar,True,source/epfl/testa/bar.v,aig/epfl/testa/bar.json,entropy/epfl/testa/bar.json
epfl2,cavlc,True,source/epfl/testa/cavlc.v,aig/epfl/testa/cavlc.json,entropy/epfl/testa/cavlc.json
epfl2,ctrl,True,source/epfl/testa/ctrl.v,aig/epfl/testa/ctrl.json,entropy/epfl/testa/ctrl.json
epfl2,dec,True,source/epfl/testa/dec.v,aig/epfl/testa/dec.json,entropy/epfl/testa/dec.json
epfl2,i2c,True,source/epfl/testa/i2c.v,aig/epfl/testa/i2c.json,entropy/epfl/testa/i2c.json
epfl2,int2float,True,source/epfl/testa/int2float.v,aig/epfl/testa/int2float.json,entropy/epfl/testa/int2float.json
epfl2,log2,True,source/epfl/testa/log2.v,aig/epfl/testa/log2.json,entropy/epfl/testa/log2.json
epfl2,max,True,source/epfl/testa/max.v,aig/epfl/testa/max.json,entropy/epfl/testa/max.json
epfl2,mem_ctrl,True,source/epfl/testa/mem_ctrl.v,aig/epfl/testa/mem_ctrl.json,entropy/epfl/testa/mem_ctrl.json
epfl2,multiplier,True,source/epfl/testa/mult.v,aig/epfl/testa/multiplier.json,entropy/epfl/testa/multiplier.json
epfl2,priority,True,source/epfl/testa/priority.v,aig/epfl/testa/priority.json,entropy/epfl/testa/priority.json
epfl2,router,True,source/epfl/testa/router.v,aig/epfl/testa/router.json,entropy/epfl/testa/router.json
epfl2,sin,True,source/epfl/testa/sin.v,aig/epfl/testa/sin.json,entropy/epfl/testa/sin.json
epfl2,sqrt,True,source/epfl/testa/sqrt.v,aig/epfl/testa/sqrt.json,entropy/epfl/testa/sqrt.json
epfl2,square,True,source/epfl/testa/square.v,aig/epfl/testa/square.json,entropy/epfl/testa/square.json
epfl2,voter,True,source/epfl/testa/voter.v,aig/epfl/testa/voter.json,entropy/epfl/testa/voter.json
mcnc,5xp1,False,source/mcnc/5xp1.v,aig/mcnc/5xp1.json,entropy/mcnc/5xp1.json
mcnc,9symml,False,source/mcnc/9symml.v,aig/mcnc/9symml.json,entropy/mcnc/9symml.json
mcnc,9sym,False,source/mcnc/9sym.v,aig/mcnc/9sym.json,entropy/mcnc/9sym.json
mcnc,al2,False,source/mcnc/al2.v,aig/mcnc/al2.json,entropy/mcnc/al2.json
mcnc,alcom,False,source/mcnc/alcom.v,aig/mcnc/alcom.json,entropy/mcnc/alcom.json
mcnc,alu1,False,source/mcnc/alu1.v,aig/mcnc/alu1.json,entropy/mcnc/alu1.json
mcnc,alu2,False,source/mcnc/alu2.v,aig/mcnc/alu2.json,entropy/mcnc/alu2.json
mcnc,alu3,False,source/mcnc/alu3.v,aig/mcnc/alu3.json,entropy/mcnc/alu3.json
mcnc,alu4,False,source/mcnc/alu4.v,aig/mcnc/alu4.json,entropy/mcnc/alu4.json
mcnc,amd,False,source/mcnc/amd.v,aig/mcnc/amd.json,entropy/mcnc/amd.json
mcnc,apex1,False,source/mcnc/apex1.v,aig/mcnc/apex1.json,entropy/mcnc/apex1.json
mcnc,apex2,False,source/mcnc/apex2.v,aig/mcnc/apex2.json,entropy/mcnc/apex2.json
mcnc,apex3,False,source/mcnc/apex3.v,aig/mcnc/apex3.json,entropy/mcnc/apex3.json
mcnc,apex4,False,source/mcnc/apex4.v,aig/mcnc/apex4.json,entropy/mcnc/apex4.json
mcnc,apex5,False,source/mcnc/apex5.v,aig/mcnc/apex5.json,entropy/mcnc/apex5.json
mcnc,apex6,False,source/mcnc/apex6.v,aig/mcnc/apex6.json,entropy/mcnc/apex6.json
mcnc,apex7,False,source/mcnc/apex7.v,aig/mcnc/apex7.json,entropy/mcnc/apex7.json
mcnc,apla,False,source/mcnc/apla.v,aig/mcnc/apla.json,entropy/mcnc/apla.json
mcnc,b10,False,source/mcnc/b10.v,aig/mcnc/b10.json,entropy/mcnc/b10.json
mcnc,b11,False,source/mcnc/b11.v,aig/mcnc/b11.json,entropy/mcnc/b11.json
mcnc,b12,False,source/mcnc/b12.v,aig/mcnc/b12.json,entropy/mcnc/b12.json
mcnc,b1,False,source/mcnc/b1.v,aig/mcnc/b1.json,entropy/mcnc/b1.json
mcnc,b2,False,source/mcnc/b2.v,aig/mcnc/b2.json,entropy/mcnc/b2.json
mcnc,b3,False,source/mcnc/b3.v,aig/mcnc/b3.json,entropy/mcnc/b3.json
mcnc,b4,False,source/mcnc/b4.v,aig/mcnc/b4.json,entropy/mcnc/b4.json
mcnc,b7,False,source/mcnc/b7.v,aig/mcnc/b7.json,entropy/mcnc/b7.json
mcnc,b9,False,source/mcnc/b9.v,aig/mcnc/b9.json,entropy/mcnc/b9.json
mcnc,bc0,False,source/mcnc/bc0.v,aig/mcnc/bc0.json,entropy/mcnc/bc0.json
mcnc,bca,False,source/mcnc/bca.v,aig/mcnc/bca.json,entropy/mcnc/bca.json
mcnc,bcb,False,source/mcnc/bcb.v,aig/mcnc/bcb.json,entropy/mcnc/bcb.json
mcnc,bcc,False,source/mcnc/bcc.v,aig/mcnc/bcc.json,entropy/mcnc/bcc.json
mcnc,bcd,False,source/mcnc/bcd.v,aig/mcnc/bcd.json,entropy/mcnc/bcd.json
mcnc,br1,False,source/mcnc/br1.v,aig/mcnc/br1.json,entropy/mcnc/br1.json
mcnc,br2,False,source/mcnc/br2.v,aig/mcnc/br2.json,entropy/mcnc/br2.json
mcnc,bw,False,source/mcnc/bw.v,aig/mcnc/bw.json,entropy/mcnc/bw.json
mcnc,C1355,False,source/mcnc/C1355.v,aig/mcnc/C1355.json,entropy/mcnc/C1355.json
mcnc,C17,False,source/mcnc/C17.v,aig/mcnc/C17.json,entropy/mcnc/C17.json
mcnc,C1908,False,source/mcnc/C1908.v,aig/mcnc/C1908.json,entropy/mcnc/C1908.json
mcnc,C2670,False,source/mcnc/C2670.v,aig/mcnc/C2670.json,entropy/mcnc/C2670.json
mcnc,C3540,False,source/mcnc/C3540.v,aig/mcnc/C3540.json,entropy/mcnc/C3540.json
mcnc,C432,False,source/mcnc/C432.v,aig/mcnc/C432.json,entropy/mcnc/C432.json
mcnc,C499,False,source/mcnc/C499.v,aig/mcnc/C499.json,entropy/mcnc/C499.json
mcnc,C5315,False,source/mcnc/C5315.v,aig/mcnc/C5315.json,entropy/mcnc/C5315.json
mcnc,C6288,False,source/mcnc/C6288.v,aig/mcnc/C6288.json,entropy/mcnc/C6288.json
mcnc,C7552,False,source/mcnc/C7552.v,aig/mcnc/C7552.json,entropy/mcnc/C7552.json
mcnc,C880,False,source/mcnc/C880.v,aig/mcnc/C880.json,entropy/mcnc/C880.json
mcnc,c8,False,source/mcnc/c8.v,aig/mcnc/c8.json,entropy/mcnc/c8.json
mcnc,cc,False,source/mcnc/cc.v,aig/mcnc/cc.json,entropy/mcnc/cc.json
mcnc,chkn,False,source/mcnc/chkn.v,aig/mcnc/chkn.json,entropy/mcnc/chkn.json
mcnc,cht,False,source/mcnc/cht.v,aig/mcnc/cht.json,entropy/mcnc/cht.json
mcnc,clip,False,source/mcnc/clip.v,aig/mcnc/clip.json,entropy/mcnc/clip.json
mcnc,clpl,False,source/mcnc/clpl.v,aig/mcnc/clpl.json,entropy/mcnc/clpl.json
mcnc,cm138a,False,source/mcnc/cm138a.v,aig/mcnc/cm138a.json,entropy/mcnc/cm138a.json
mcnc,cm150a,False,source/mcnc/cm150a.v,aig/mcnc/cm150a.json,entropy/mcnc/cm150a.json
mcnc,cm151a,False,source/mcnc/cm151a.v,aig/mcnc/cm151a.json,entropy/mcnc/cm151a.json
mcnc,cm152a,False,source/mcnc/cm152a.v,aig/mcnc/cm152a.json,entropy/mcnc/cm152a.json
mcnc,cm162a,False,source/mcnc/cm162a.v,aig/mcnc/cm162a.json,entropy/mcnc/cm162a.json
mcnc,cm163a,False,source/mcnc/cm163a.v,aig/mcnc/cm163a.json,entropy/mcnc/cm163a.json
mcnc,cm42a,False,source/mcnc/cm42a.v,aig/mcnc/cm42a.json,entropy/mcnc/cm42a.json
mcnc,cm82a,False,source/mcnc/cm82a.v,aig/mcnc/cm82a.json,entropy/mcnc/cm82a.json
mcnc,cm85a,False,source/mcnc/cm85a.v,aig/mcnc/cm85a.json,entropy/mcnc/cm85a.json
mcnc,cmb,False,source/mcnc/cmb.v,aig/mcnc/cmb.json,entropy/mcnc/cmb.json
mcnc,comp,False,source/mcnc/comp.v,aig/mcnc/comp.json,entropy/mcnc/comp.json
mcnc,con1,False,source/mcnc/con1.v,aig/mcnc/con1.json,entropy/mcnc/con1.json
mcnc,cordic,False,source/mcnc/cordic.v,aig/mcnc/cordic.json,entropy/mcnc/cordic.json
mcnc,count,False,source/mcnc/count.v,aig/mcnc/count.json,entropy/mcnc/count.json
mcnc,cps,False,source/mcnc/cps.v,aig/mcnc/cps.json,entropy/mcnc/cps.json
mcnc,cu,False,source/mcnc/cu.v,aig/mcnc/cu.json,entropy/mcnc/cu.json
mcnc,dalu,False,source/mcnc/dalu.v,aig/mcnc/dalu.json,entropy/mcnc/dalu.json
mcnc,dc1,False,source/mcnc/dc1.v,aig/mcnc/dc1.json,entropy/mcnc/dc1.json
mcnc,dc2,False,source/mcnc/dc2.v,aig/mcnc/dc2.json,entropy/mcnc/dc2.json
mcnc,decod,False,source/mcnc/decod.v,aig/mcnc/decod.json,entropy/mcnc/decod.json
mcnc,dekoder,False,source/mcnc/dekoder.v,aig/mcnc/dekoder.json,entropy/mcnc/dekoder.json
mcnc,des,False,source/mcnc/des.v,aig/mcnc/des.json,entropy/mcnc/des.json
mcnc,dist,False,source/mcnc/dist.v,aig/mcnc/dist.json,entropy/mcnc/dist.json
mcnc,dk17,False,source/mcnc/dk17.v,aig/mcnc/dk17.json,entropy/mcnc/dk17.json
mcnc,dk27,False,source/mcnc/dk27.v,aig/mcnc/dk27.json,entropy/mcnc/dk27.json
mcnc,dk48,False,source/mcnc/dk48.v,aig/mcnc/dk48.json,entropy/mcnc/dk48.json
mcnc,duke2,False,source/mcnc/duke2.v,aig/mcnc/duke2.json,entropy/mcnc/duke2.json
mcnc,e64,False,source/mcnc/e64.v,aig/mcnc/e64.json,entropy/mcnc/e64.json
mcnc,ex1010,False,source/mcnc/ex1010.v,aig/mcnc/ex1010.json,entropy/mcnc/ex1010.json
mcnc,ex4,False,source/mcnc/ex4.v,aig/mcnc/ex4.json,entropy/mcnc/ex4.json
mcnc,ex5,False,source/mcnc/ex5.v,aig/mcnc/ex5.json,entropy/mcnc/ex5.json
mcnc,ex7,False,source/mcnc/ex7.v,aig/mcnc/ex7.json,entropy/mcnc/ex7.json
mcnc,example2,False,source/mcnc/example2.v,aig/mcnc/example2.json,entropy/mcnc/example2.json
mcnc,exep,False,source/mcnc/exep.v,aig/mcnc/exep.json,entropy/mcnc/exep.json
mcnc,exps,False,source/mcnc/exps.v,aig/mcnc/exps.json,entropy/mcnc/exps.json
mcnc,exp,False,source/mcnc/exp.v,aig/mcnc/exp.json,entropy/mcnc/exp.json
mcnc,f51m,False,source/mcnc/f51m.v,aig/mcnc/f51m.json,entropy/mcnc/f51m.json
mcnc,frg1,False,source/mcnc/frg1.v,aig/mcnc/frg1.json,entropy/mcnc/frg1.json
mcnc,frg2,False,source/mcnc/frg2.v,aig/mcnc/frg2.json,entropy/mcnc/frg2.json
mcnc,gary,False,source/mcnc/gary.v,aig/mcnc/gary.json,entropy/mcnc/gary.json
mcnc,i10,False,source/mcnc/i10.v,aig/mcnc/i10.json,entropy/mcnc/i10.json
mcnc,i1,False,source/mcnc/i1.v,aig/mcnc/i1.json,entropy/mcnc/i1.json
mcnc,i2,False,source/mcnc/i2.v,aig/mcnc/i2.json,entropy/mcnc/i2.json
mcnc,i3,False,source/mcnc/i3.v,aig/mcnc/i3.json,entropy/mcnc/i3.json
mcnc,i4,False,source/mcnc/i4.v,aig/mcnc/i4.json,entropy/mcnc/i4.json
mcnc,i5,False,source/mcnc/i5.v,aig/mcnc/i5.json,entropy/mcnc/i5.json
mcnc,i6,False,source/mcnc/i6.v,aig/mcnc/i6.json,entropy/mcnc/i6.json
mcnc,i7,False,source/mcnc/i7.v,aig/mcnc/i7.json,entropy/mcnc/i7.json
mcnc,i8,False,source/mcnc/i8.v,aig/mcnc/i8.json,entropy/mcnc/i8.json
mcnc,i9,False,source/mcnc/i9.v,aig/mcnc/i9.json,entropy/mcnc/i9.json
mcnc,ibm,False,source/mcnc/ibm.v,aig/mcnc/ibm.json,entropy/mcnc/ibm.json
mcnc,in0,False,source/mcnc/in0.v,aig/mcnc/in0.json,entropy/mcnc/in0.json
mcnc,in1,False,source/mcnc/in1.v,aig/mcnc/in1.json,entropy/mcnc/in1.json
mcnc,in2,False,source/mcnc/in2.v,aig/mcnc/in2.json,entropy/mcnc/in2.json
mcnc,in3,False,source/mcnc/in3.v,aig/mcnc/in3.json,entropy/mcnc/in3.json
mcnc,in4,False,source/mcnc/in4.v,aig/mcnc/in4.json,entropy/mcnc/in4.json
mcnc,in5,False,source/mcnc/in5.v,aig/mcnc/in5.json,entropy/mcnc/in5.json
mcnc,in6,False,source/mcnc/in6.v,aig/mcnc/in6.json,entropy/mcnc/in6.json
mcnc,in7,False,source/mcnc/in7.v,aig/mcnc/in7.json,entropy/mcnc/in7.json
mcnc,inc,False,source/mcnc/inc.v,aig/mcnc/inc.json,entropy/mcnc/inc.json
mcnc,intb,False,source/mcnc/intb.v,aig/mcnc/intb.json,entropy/mcnc/intb.json
mcnc,jbp,False,source/mcnc/jbp.v,aig/mcnc/jbp.json,entropy/mcnc/jbp.json
mcnc,k2,False,source/mcnc/k2.v,aig/mcnc/k2.json,entropy/mcnc/k2.json
mcnc,lal,False,source/mcnc/lal.v,aig/mcnc/lal.json,entropy/mcnc/lal.json
mcnc,lin,False,source/mcnc/lin.v,aig/mcnc/lin.json,entropy/mcnc/lin.json
mcnc,luc,False,source/mcnc/luc.v,aig/mcnc/luc.json,entropy/mcnc/luc.json
mcnc,m1,False,source/mcnc/m1.v,aig/mcnc/m1.json,entropy/mcnc/m1.json
mcnc,m2,False,source/mcnc/m2.v,aig/mcnc/m2.json,entropy/mcnc/m2.json
mcnc,m3,False,source/mcnc/m3.v,aig/mcnc/m3.json,entropy/mcnc/m3.json
mcnc,m4,False,source/mcnc/m4.v,aig/mcnc/m4.json,entropy/mcnc/m4.json
mcnc,mainpla,False,source/mcnc/mainpla.v,aig/mcnc/mainpla.json,entropy/mcnc/mainpla.json
mcnc,majority,False,source/mcnc/majority.v,aig/mcnc/majority.json,entropy/mcnc/majority.json
mcnc,mark1,False,source/mcnc/mark1.v,aig/mcnc/mark1.json,entropy/mcnc/mark1.json
mcnc,max1024,False,source/mcnc/max1024.v,aig/mcnc/max1024.json,entropy/mcnc/max1024.json
mcnc,max128,False,source/mcnc/max128.v,aig/mcnc/max128.json,entropy/mcnc/max128.json
mcnc,max46,False,source/mcnc/max46.v,aig/mcnc/max46.json,entropy/mcnc/max46.json
mcnc,max512,False,source/mcnc/max512.v,aig/mcnc/max512.json,entropy/mcnc/max512.json
mcnc,misex1,False,source/mcnc/misex1.v,aig/mcnc/misex1.json,entropy/mcnc/misex1.json
mcnc,misex2,False,source/mcnc/misex2.v,aig/mcnc/misex2.json,entropy/mcnc/misex2.json
mcnc,misex3c,False,source/mcnc/misex3c.v,aig/mcnc/misex3c.json,entropy/mcnc/misex3c.json
mcnc,misex3,False,source/mcnc/misex3.v,aig/mcnc/misex3.json,entropy/mcnc/misex3.json
mcnc,misg,False,source/mcnc/misg.v,aig/mcnc/misg.json,entropy/mcnc/misg.json
mcnc,mish,False,source/mcnc/mish.v,aig/mcnc/mish.json,entropy/mcnc/mish.json
mcnc,misj,False,source/mcnc/misj.v,aig/mcnc/misj.json,entropy/mcnc/misj.json
mcnc,mlp4,False,source/mcnc/mlp4.v,aig/mcnc/mlp4.json,entropy/mcnc/mlp4.json
mcnc,mp2d,False,source/mcnc/mp2d.v,aig/mcnc/mp2d.json,entropy/mcnc/mp2d.json
mcnc,mux,False,source/mcnc/mux.v,aig/mcnc/mux.json,entropy/mcnc/mux.json
mcnc,my_adder,False,source/mcnc/my_adder.v,aig/mcnc/my_adder.json,entropy/mcnc/my_adder.json
mcnc,newapla1,False,source/mcnc/newapla1.v,aig/mcnc/newapla1.json,entropy/mcnc/newapla1.json
mcnc,newapla2,False,source/mcnc/newapla2.v,aig/mcnc/newapla2.json,entropy/mcnc/newapla2.json
mcnc,newapla,False,source/mcnc/newapla.v,aig/mcnc/newapla.json,entropy/mcnc/newapla.json
mcnc,newbyte,False,source/mcnc/newbyte.v,aig/mcnc/newbyte.json,entropy/mcnc/newbyte.json
mcnc,newcond,False,source/mcnc/newcond.v,aig/mcnc/newcond.json,entropy/mcnc/newcond.json
mcnc,newcpla1,False,source/mcnc/newcpla1.v,aig/mcnc/newcpla1.json,entropy/mcnc/newcpla1.json
mcnc,newcpla2,False,source/mcnc/newcpla2.v,aig/mcnc/newcpla2.json,entropy/mcnc/newcpla2.json
mcnc,newcwp,False,source/mcnc/newcwp.v,aig/mcnc/newcwp.json,entropy/mcnc/newcwp.json
mcnc,newill,False,source/mcnc/newill.v,aig/mcnc/newill.json,entropy/mcnc/newill.json
mcnc,newtag,False,source/mcnc/newtag.v,aig/mcnc/newtag.json,entropy/mcnc/newtag.json
mcnc,newtpla1,False,source/mcnc/newtpla1.v,aig/mcnc/newtpla1.json,entropy/mcnc/newtpla1.json
mcnc,newtpla2,False,source/mcnc/newtpla2.v,aig/mcnc/newtpla2.json,entropy/mcnc/newtpla2.json
mcnc,newtpla,False,source/mcnc/newtpla.v,aig/mcnc/newtpla.json,entropy/mcnc/newtpla.json
mcnc,newxcpla1,False,source/mcnc/newxcpla1.v,aig/mcnc/newxcpla1.json,entropy/mcnc/newxcpla1.json
mcnc,o64,False,source/mcnc/o64.v,aig/mcnc/o64.json,entropy/mcnc/o64.json
mcnc,opa,False,source/mcnc/opa.v,aig/mcnc/opa.json,entropy/mcnc/opa.json
mcnc,p82,False,source/mcnc/p82.v,aig/mcnc/p82.json,entropy/mcnc/p82.json
mcnc,pair,False,source/mcnc/pair.v,aig/mcnc/pair.json,entropy/mcnc/pair.json
mcnc,parity,False,source/mcnc/parity.v,aig/mcnc/parity.json,entropy/mcnc/parity.json
mcnc,pcler8,False,source/mcnc/pcler8.v,aig/mcnc/pcler8.json,entropy/mcnc/pcler8.json
mcnc,pcle,False,source/mcnc/pcle.v,aig/mcnc/pcle.json,entropy/mcnc/pcle.json
mcnc,pdc,False,source/mcnc/pdc.v,aig/mcnc/pdc.json,entropy/mcnc/pdc.json
mcnc,pm1,False,source/mcnc/pm1.v,aig/mcnc/pm1.json,entropy/mcnc/pm1.json
mcnc,pope,False,source/mcnc/pope.v,aig/mcnc/pope.json,entropy/mcnc/pope.json
mcnc,prom1,False,source/mcnc/prom1.v,aig/mcnc/prom1.json,entropy/mcnc/prom1.json
mcnc,prom2,False,source/mcnc/prom2.v,aig/mcnc/prom2.json,entropy/mcnc/prom2.json
mcnc,rd53,False,source/mcnc/rd53.v,aig/mcnc/rd53.json,entropy/mcnc/rd53.json
mcnc,rd73,False,source/mcnc/rd73.v,aig/mcnc/rd73.json,entropy/mcnc/rd73.json
mcnc,rd84,False,source/mcnc/rd84.v,aig/mcnc/rd84.json,entropy/mcnc/rd84.json
mcnc,risc,False,source/mcnc/risc.v,aig/mcnc/risc.json,entropy/mcnc/risc.json
mcnc,root,False,source/mcnc/root.v,aig/mcnc/root.json,entropy/mcnc/root.json
mcnc,rot,False,source/mcnc/rot.v,aig/mcnc/rot.json,entropy/mcnc/rot.json
mcnc,ryy6,False,source/mcnc/ryy6.v,aig/mcnc/ryy6.json,entropy/mcnc/ryy6.json
mcnc,sao2,False,source/mcnc/sao2.v,aig/mcnc/sao2.json,entropy/mcnc/sao2.json
mcnc,sct,False,source/mcnc/sct.v,aig/mcnc/sct.json,entropy/mcnc/sct.json
mcnc,seq,False,source/mcnc/seq.v,aig/mcnc/seq.json,entropy/mcnc/seq.json
mcnc,sex,False,source/mcnc/sex.v,aig/mcnc/sex.json,entropy/mcnc/sex.json
mcnc,shift,False,source/mcnc/shift.v,aig/mcnc/shift.json,entropy/mcnc/shift.json
mcnc,signet,False,source/mcnc/signet.v,aig/mcnc/signet.json,entropy/mcnc/signet.json
mcnc,soar,False,source/mcnc/soar.v,aig/mcnc/soar.json,entropy/mcnc/soar.json
mcnc,spla,False,source/mcnc/spla.v,aig/mcnc/spla.json,entropy/mcnc/spla.json
mcnc,sqn,False,source/mcnc/sqn.v,aig/mcnc/sqn.json,entropy/mcnc/sqn.json
mcnc,sqr6,False,source/mcnc/sqr6.v,aig/mcnc/sqr6.json,entropy/mcnc/sqr6.json
mcnc,sqrt8,False,source/mcnc/sqrt8.v,aig/mcnc/sqrt8.json,entropy/mcnc/sqrt8.json
mcnc,squar5,False,source/mcnc/squar5.v,aig/mcnc/squar5.json,entropy/mcnc/squar5.json
mcnc,t1,False,source/mcnc/t1.v,aig/mcnc/t1.json,entropy/mcnc/t1.json
mcnc,t2,False,source/mcnc/t2.v,aig/mcnc/t2.json,entropy/mcnc/t2.json
mcnc,t3,False,source/mcnc/t3.v,aig/mcnc/t3.json,entropy/mcnc/t3.json
mcnc,t481,False,source/mcnc/t481.v,aig/mcnc/t481.json,entropy/mcnc/t481.json
mcnc,t4,False,source/mcnc/t4.v,aig/mcnc/t4.json,entropy/mcnc/t4.json
mcnc,table3,False,source/mcnc/table3.v,aig/mcnc/table3.json,entropy/mcnc/table3.json
mcnc,table5,False,source/mcnc/table5.v,aig/mcnc/table5.json,entropy/mcnc/table5.json
mcnc,tcon,False,source/mcnc/tcon.v,aig/mcnc/tcon.json,entropy/mcnc/tcon.json
mcnc,term1,False,source/mcnc/term1.v,aig/mcnc/term1.json,entropy/mcnc/term1.json
mcnc,ti,False,source/mcnc/ti.v,aig/mcnc/ti.json,entropy/mcnc/ti.json
mcnc,tms,False,source/mcnc/tms.v,aig/mcnc/tms.json,entropy/mcnc/tms.json
mcnc,too_large,False,source/mcnc/too_large.v,aig/mcnc/too_large.json,entropy/mcnc/too_large.json
mcnc,ts10,False,source/mcnc/ts10.v,aig/mcnc/ts10.json,entropy/mcnc/ts10.json
mcnc,ttt2,False,source/mcnc/ttt2.v,aig/mcnc/ttt2.json,entropy/mcnc/ttt2.json
mcnc,t,False,source/mcnc/t.v,aig/mcnc/t.json,entropy/mcnc/t.json
mcnc,unreg,False,source/mcnc/unreg.v,aig/mcnc/unreg.json,entropy/mcnc/unreg.json
mcnc,vda,False,source/mcnc/vda.v,aig/mcnc/vda.json,entropy/mcnc/vda.json
mcnc,vg2,False,source/mcnc/vg2.v,aig/mcnc/vg2.json,entropy/mcnc/vg2.json
mcnc,vtx1,False,source/mcnc/vtx1.v,aig/mcnc/vtx1.json,entropy/mcnc/vtx1.json
mcnc,wim,False,source/mcnc/wim.v,aig/mcnc/wim.json,entropy/mcnc/wim.json
mcnc,x1dn,False,source/mcnc/x1dn.v,aig/mcnc/x1dn.json,entropy/mcnc/x1dn.json
mcnc,x1,False,source/mcnc/x1.v,aig/mcnc/x1.json,entropy/mcnc/x1.json
mcnc,x2dn,False,source/mcnc/x2dn.v,aig/mcnc/x2dn.json,entropy/mcnc/x2dn.json
mcnc,x2,False,source/mcnc/x2.v,aig/mcnc/x2.json,entropy/mcnc/x2.json
mcnc,x3,False,source/mcnc/x3.v,aig/mcnc/x3.json,entropy/mcnc/x3.json
mcnc,x4,False,source/mcnc/x4.v,aig/mcnc/x4.json,entropy/mcnc/x4.json
mcnc,x6dn,False,source/mcnc/x6dn.v,aig/mcnc/x6dn.json,entropy/mcnc/x6dn.json
mcnc,x7dn,False,source/mcnc/x7dn.v,aig/mcnc/x7dn.json,entropy/mcnc/x7dn.json
mcnc,x9dn,False,source/mcnc/x9dn.v,aig/mcnc/x9dn.json,entropy/mcnc/x9dn.json
mcnc,xor5,False,source/mcnc/xor5.v,aig/mcnc/xor5.json,entropy/mcnc/xor5.json
mcnc,xparc,False,source/mcnc/xparc.v,aig/mcnc/xparc.json,entropy/mcnc/xparc.json
mcnc,z4ml,False,source/mcnc/z4ml.v,aig/mcnc/z4ml.json,entropy/mcnc/z4ml.json
mcnc,Z5xp1,False,source/mcnc/Z5xp1.v,aig/mcnc/Z5xp1.json,entropy/mcnc/Z5xp1.json
mcnc,Z9sym,False,source/mcnc/Z9sym.v,aig/mcnc/Z9sym.json,entropy/mcnc/Z9sym.json
